City_ID,City,Lat,Lng,Max Temp,Humidity,Cloudiness,Wind Speed,Country,Description,Date
0,Necochea,-38.5473,-58.7368,50.18,75,100,7.23,AR,overcast clouds,2022-07-31 02:30:00
1,Kapaa,22.0752,-159.319,84.18,72,75,12.66,US,broken clouds,2022-07-31 02:31:37
2,Airai,-8.9266,125.4092,71.11,53,45,4.29,TL,scattered clouds,2022-07-31 02:26:47
3,Kavieng,-2.5744,150.7967,85.28,63,90,9.84,PG,overcast clouds,2022-07-31 02:31:38
4,Lata,40.1629,-8.3327,70.02,56,0,3.62,PT,clear sky,2022-07-31 02:22:42
5,East London,-33.0153,27.9116,56.34,63,9,16.31,ZA,clear sky,2022-07-31 02:31:38
6,Kaitangata,-46.2817,169.8464,43.74,89,99,9.64,NZ,overcast clouds,2022-07-31 02:31:39
7,Vardo,70.3705,31.1107,51.78,93,100,11.5,NO,mist,2022-07-31 02:30:44
8,Muisne,0.6,-80.0333,74.73,86,96,8.75,EC,overcast clouds,2022-07-31 02:31:39
9,Nikolskoye,59.7035,30.7861,55.8,97,7,4.81,RU,clear sky,2022-07-31 02:25:23
10,Clyde River,70.4692,-68.5914,37.63,100,100,10.36,CA,light rain,2022-07-31 02:21:11
11,Pangnirtung,66.1451,-65.7125,55.4,82,100,20.71,CA,light rain,2022-07-31 02:31:40
12,Geraldton,-28.7667,114.6,59.41,67,0,16.11,AU,clear sky,2022-07-31 02:28:02
13,Hermanus,-34.4187,19.2345,44.8,68,51,5.84,ZA,light rain,2022-07-31 02:31:41
14,Marshall,34.3834,-86.3333,77.72,90,40,4.0,US,scattered clouds,2022-07-31 02:31:41
15,Mar Del Plata,-38.0023,-57.5575,53.1,90,0,5.99,AR,clear sky,2022-07-31 02:31:42
16,Mahalapye,-23.1041,26.8142,56.93,27,0,7.96,BW,clear sky,2022-07-31 02:31:42
17,Kruisfontein,-34.0033,24.7314,50.34,75,94,14.09,ZA,light rain,2022-07-31 02:26:48
18,Provideniya,64.3833,-173.3,52.54,69,99,8.39,RU,overcast clouds,2022-07-31 02:25:32
19,Punta Arenas,-53.15,-70.9167,41.11,70,0,13.8,CL,clear sky,2022-07-31 02:28:20
20,Turayf,31.6725,38.6637,79.05,44,0,13.8,SA,clear sky,2022-07-31 02:31:43
21,Garowe,8.4054,48.4845,72.36,69,70,23.91,SO,broken clouds,2022-07-31 02:31:44
22,Hithadhoo,-0.6,73.0833,80.35,75,100,14.58,MV,light rain,2022-07-31 02:19:26
23,Busselton,-33.65,115.3333,58.69,59,60,10.29,AU,broken clouds,2022-07-31 02:31:45
24,Ushuaia,-54.8,-68.3,42.46,70,40,23.02,AR,scattered clouds,2022-07-31 02:26:46
25,Jamestown,42.097,-79.2353,64.04,64,0,0.0,US,clear sky,2022-07-31 02:18:32
26,Ust-Nera,64.5667,143.2,73.87,53,84,2.19,RU,broken clouds,2022-07-31 02:31:46
27,Butaritari,3.0707,172.7902,81.32,74,92,15.57,KI,overcast clouds,2022-07-31 02:25:29
28,Mataura,-46.1927,168.8643,46.47,93,99,7.72,NZ,overcast clouds,2022-07-31 02:31:46
29,Guerrero Negro,27.9769,-114.0611,70.7,77,5,13.85,MX,clear sky,2022-07-31 02:31:28
30,Lagoa,39.05,-27.9833,72.54,72,0,6.02,PT,clear sky,2022-07-31 02:29:29
31,Rikitea,-23.1203,-134.9692,72.93,75,9,15.93,PF,light rain,2022-07-31 02:31:47
32,Albany,42.6001,-73.9662,71.64,67,0,1.99,US,clear sky,2022-07-31 02:30:51
33,Vaitape,-16.5167,-151.75,79.3,70,5,22.91,PF,light rain,2022-07-31 02:31:48
34,Te Anau,-45.4167,167.7167,42.69,80,72,0.51,NZ,broken clouds,2022-07-31 02:31:48
35,Oktyabrskoye,43.0645,44.7417,59.14,94,0,6.71,RU,clear sky,2022-07-31 02:31:49
36,Fortuna,40.5982,-124.1573,64.92,86,100,10.36,US,overcast clouds,2022-07-31 02:31:49
37,Ust-Tsilma,65.441,52.1498,61.5,83,99,4.63,RU,overcast clouds,2022-07-31 02:31:50
38,Castlegar,49.2998,-117.6689,90.28,32,0,2.15,CA,clear sky,2022-07-31 02:31:37
39,Colombo,6.9319,79.8478,78.75,83,99,6.06,LK,overcast clouds,2022-07-31 02:28:43
40,Leningradskiy,69.3833,178.4167,49.89,64,68,7.29,RU,broken clouds,2022-07-31 02:28:01
41,Kieta,-6.2167,155.6333,85.71,64,6,7.9,PG,clear sky,2022-07-31 02:25:31
42,Bairiki,1.3292,172.9752,86.0,66,20,12.66,KI,few clouds,2022-07-31 02:31:51
43,Tautira,-17.7333,-149.15,77.74,71,13,23.02,PF,few clouds,2022-07-31 02:31:51
44,Hobart,-42.8794,147.3294,53.46,69,75,12.66,AU,broken clouds,2022-07-31 02:25:21
45,Kavaratti,10.5669,72.642,81.07,81,100,20.54,IN,overcast clouds,2022-07-31 02:22:48
46,Lebu,-37.6167,-73.65,47.07,88,86,4.09,CL,overcast clouds,2022-07-31 02:32:52
47,Maragogi,-9.0122,-35.2225,75.04,87,100,8.16,BR,overcast clouds,2022-07-31 02:32:53
48,Ilulissat,69.2167,-51.1,46.42,87,100,5.75,GL,overcast clouds,2022-07-31 02:32:53
49,Touros,-5.1989,-35.4608,76.01,85,100,13.31,BR,overcast clouds,2022-07-31 02:28:11
50,Glazunovka,52.4986,36.3275,61.34,77,81,4.36,RU,broken clouds,2022-07-31 02:32:54
51,Asau,46.4333,26.4,63.52,92,100,3.42,RO,light rain,2022-07-31 02:30:39
52,Ambon,-3.6954,128.1814,77.14,94,40,4.61,ID,moderate rain,2022-07-31 02:32:55
53,Anadyr,64.75,177.4833,59.5,47,0,6.71,RU,clear sky,2022-07-31 02:32:55
54,Longyearbyen,78.2186,15.6401,48.04,87,75,11.5,SJ,broken clouds,2022-07-31 02:32:56
55,Ouargaye,11.5033,0.0572,79.0,74,100,7.34,BF,overcast clouds,2022-07-31 02:32:56
56,Atuona,-9.8,-139.0333,76.75,77,12,14.45,PF,few clouds,2022-07-31 02:24:06
57,Sao Jose Da Coroa Grande,-8.8978,-35.1478,75.31,87,100,7.54,BR,overcast clouds,2022-07-31 02:32:57
58,Sterling,39.0062,-77.4286,77.52,78,100,5.01,US,overcast clouds,2022-07-31 02:32:57
59,Novikovo,51.1537,37.8879,64.56,66,98,4.7,RU,overcast clouds,2022-07-31 02:32:58
60,Isangel,-19.55,169.2667,74.07,83,100,6.38,VU,light rain,2022-07-31 02:28:03
61,Ahipara,-35.1667,173.1667,56.21,60,35,19.55,NZ,scattered clouds,2022-07-31 02:32:59
62,Providencia,28.7167,-111.5833,91.2,62,6,10.11,MX,clear sky,2022-07-31 02:32:59
63,Trincomalee,8.5711,81.2335,80.62,79,100,10.07,LK,light rain,2022-07-31 02:32:59
64,Ribeira Grande,38.5167,-28.7,73.81,70,15,1.32,PT,few clouds,2022-07-31 02:24:12
65,Georgetown,5.4112,100.3354,85.95,85,20,3.44,MY,few clouds,2022-07-31 02:32:46
66,Quthing,-30.4,27.7003,40.64,57,99,1.61,LS,overcast clouds,2022-07-31 02:33:00
67,Arya,33.6,73.0667,76.23,87,100,1.01,PK,overcast clouds,2022-07-31 02:33:01
68,Arraial Do Cabo,-22.9661,-42.0278,66.76,67,2,13.94,BR,clear sky,2022-07-31 02:31:49
69,Ponta Do Sol,32.6667,-17.1,71.71,82,10,6.76,PT,clear sky,2022-07-31 02:24:01
70,Port Lincoln,-34.7333,135.8667,56.1,70,45,21.97,AU,light rain,2022-07-31 02:26:27
71,Khatanga,71.9667,102.5,48.51,77,100,11.81,RU,light rain,2022-07-31 02:33:02
72,Bambous Virieux,-20.3428,57.7575,70.21,73,40,17.27,MU,scattered clouds,2022-07-31 02:30:56
73,Tuktoyaktuk,69.4541,-133.0374,46.4,66,40,6.91,CA,scattered clouds,2022-07-31 02:24:08
74,Beloha,-25.1667,45.05,63.57,82,5,3.09,MG,clear sky,2022-07-31 02:33:03
75,Inverell,-29.7833,151.1167,65.66,54,100,7.0,AU,overcast clouds,2022-07-31 02:33:03
76,Harper,4.375,-7.7169,75.07,81,99,5.77,LR,overcast clouds,2022-07-31 02:33:04
77,Boyabat,41.4689,34.7667,63.77,81,0,2.73,TR,clear sky,2022-07-31 02:33:04
78,Laguna,38.421,-121.4238,93.45,52,0,10.36,US,clear sky,2022-07-31 02:28:13
79,Kodiak,57.79,-152.4072,62.11,72,100,10.36,US,overcast clouds,2022-07-31 02:24:16
80,Chipata,-13.6333,32.65,55.13,60,0,4.21,ZM,clear sky,2022-07-31 02:33:05
81,Skorodnoye,51.071,37.2276,59.07,74,9,6.15,RU,clear sky,2022-07-31 02:33:06
82,Nalut,30.3333,10.85,78.46,28,0,10.36,LY,clear sky,2022-07-31 02:33:06
83,Rosita,13.9268,-84.4032,74.1,99,100,2.84,NI,light rain,2022-07-31 02:33:07
84,Kodinar,20.7903,70.7031,82.62,74,93,13.09,IN,overcast clouds,2022-07-31 02:33:07
85,Saldanha,-33.0117,17.9442,42.85,77,10,9.26,ZA,clear sky,2022-07-31 02:20:29
86,Loubomo,-4.1997,12.6739,67.6,89,82,5.14,CG,broken clouds,2022-07-31 02:33:08
87,New Norfolk,-42.7826,147.0587,53.1,77,100,7.61,AU,light rain,2022-07-31 02:33:08
88,Ocos,14.5094,-92.1933,80.78,73,96,4.09,GT,overcast clouds,2022-07-31 02:33:09
89,Adeje,28.1227,-16.726,73.09,81,20,9.22,ES,few clouds,2022-07-31 02:33:09
90,Smithers,54.7804,-127.1743,80.92,54,75,3.44,CA,broken clouds,2022-07-31 02:33:10
91,Vaini,-21.2,-175.2,80.76,89,40,10.36,TO,scattered clouds,2022-07-31 02:34:10
92,Rabo De Peixe,37.8,-25.5833,69.31,83,40,5.75,PT,scattered clouds,2022-07-31 02:30:50
93,Kurchum,48.5722,83.6542,73.81,45,0,3.53,KZ,clear sky,2022-07-31 02:26:56
94,Santa Helena De Goias,-17.8136,-50.5969,69.62,45,3,2.89,BR,clear sky,2022-07-31 02:34:11
95,Kumano,34.3442,132.5894,81.52,66,53,6.2,JP,broken clouds,2022-07-31 02:34:11
96,Puerto Penasco,31.3167,-113.5333,85.91,76,1,7.7,MX,clear sky,2022-07-31 02:34:12
97,Tuatapere,-46.1333,167.6833,46.27,83,71,10.76,NZ,light rain,2022-07-31 02:34:12
98,Thompson,55.7435,-97.8558,62.76,51,75,4.61,CA,broken clouds,2022-07-31 02:30:57
99,Upington,-28.4478,21.2561,43.18,65,0,2.3,ZA,clear sky,2022-07-31 02:34:13
100,Carnarvon,-24.8667,113.6333,64.78,45,5,16.26,AU,clear sky,2022-07-31 02:29:23
101,Wagar,16.1525,36.2032,80.47,66,6,19.01,SD,clear sky,2022-07-31 02:34:14
102,Tias,28.9611,-13.645,69.48,83,0,11.5,ES,clear sky,2022-07-31 02:34:14
103,Souillac,-20.5167,57.5167,68.38,73,40,17.27,MU,light rain,2022-07-31 02:34:15
104,Namatanai,-3.6667,152.4333,82.27,75,89,11.34,PG,light rain,2022-07-31 02:34:15
105,San Cristobal,7.7669,-72.225,73.58,96,34,3.2,VE,scattered clouds,2022-07-31 02:26:11
106,Taksimo,56.3444,114.8794,70.45,70,80,1.68,RU,light rain,2022-07-31 02:33:11
107,Road Town,18.4167,-64.6167,82.49,89,20,14.97,VG,few clouds,2022-07-31 02:34:16
108,Ornskoldsvik,63.2909,18.7153,45.55,100,60,2.3,SE,broken clouds,2022-07-31 02:34:17
109,Daru,-9.0763,143.2092,78.13,89,72,17.29,PG,broken clouds,2022-07-31 02:34:17
110,Kununurra,-15.7667,128.7333,84.18,20,21,6.91,AU,few clouds,2022-07-31 02:34:18
111,Dikson,73.5069,80.5464,41.14,94,94,11.1,RU,overcast clouds,2022-07-31 02:34:18
112,Poronaysk,49.2167,143.1167,60.01,87,100,12.15,RU,overcast clouds,2022-07-31 02:34:18
113,Dingle,10.9995,122.6711,83.41,79,100,7.2,PH,overcast clouds,2022-07-31 02:26:47
114,Port Alfred,-33.5906,26.891,49.17,78,5,4.0,ZA,clear sky,2022-07-31 02:34:19
115,Sioux Lookout,50.1001,-91.917,73.47,64,75,2.3,CA,broken clouds,2022-07-31 02:34:20
116,Hilo,19.7297,-155.09,85.28,78,100,10.36,US,overcast clouds,2022-07-31 02:32:41
117,Shimoda,34.6667,138.95,93.11,70,0,14.03,JP,clear sky,2022-07-31 02:34:21
118,Ouro Preto Do Oeste,-10.7481,-62.2158,74.1,40,0,0.78,BR,clear sky,2022-07-31 02:34:21
119,Yellowknife,62.456,-114.3525,57.72,72,75,4.61,CA,broken clouds,2022-07-31 02:34:22
120,Cape Town,-33.9258,18.4232,47.12,92,40,2.3,ZA,scattered clouds,2022-07-31 02:31:17
121,Torbay,47.6666,-52.7314,66.58,91,100,20.71,CA,light intensity shower rain,2022-07-31 02:25:22
122,Saint George,37.1041,-113.5841,88.65,38,45,5.21,US,scattered clouds,2022-07-31 02:34:03
123,Shingu,33.7333,135.9833,87.75,62,23,7.81,JP,few clouds,2022-07-31 02:34:22
124,Hovd,48.0056,91.6419,75.07,30,98,3.33,MN,overcast clouds,2022-07-31 02:34:23
125,Ambulu,-8.345,113.6058,82.49,61,100,7.2,ID,overcast clouds,2022-07-31 02:34:23
126,Saint-Philippe,-21.3585,55.7679,65.21,76,41,15.73,RE,scattered clouds,2022-07-31 02:32:09
127,Port-Cartier,50.0334,-66.8654,67.68,74,100,8.32,CA,overcast clouds,2022-07-31 02:34:24
128,San Patricio,28.017,-97.5169,86.09,71,61,13.04,US,broken clouds,2022-07-31 02:34:25
129,Zhigansk,66.7697,123.3711,73.02,64,82,15.88,RU,light rain,2022-07-31 02:30:48
130,Haines Junction,60.7522,-137.5108,64.35,48,62,12.66,CA,broken clouds,2022-07-31 02:34:25
131,Broome,42.2506,-75.833,63.99,89,0,1.03,US,clear sky,2022-07-31 02:34:26
132,Pokhvistnevo,53.6524,52.1274,67.37,65,54,3.18,RU,broken clouds,2022-07-31 02:34:26
133,Kyren,51.6828,102.1408,70.79,52,32,0.54,RU,scattered clouds,2022-07-31 02:29:32
134,Sisimiut,66.9395,-53.6735,46.54,80,73,1.41,GL,broken clouds,2022-07-31 02:34:27
135,Kabanjahe,3.1001,98.4908,75.13,60,88,3.56,ID,overcast clouds,2022-07-31 02:34:27
136,Prenzlau,53.3167,13.8667,57.7,79,0,2.8,DE,clear sky,2022-07-31 02:34:28
137,Bathsheba,13.2167,-59.5167,83.01,94,40,20.71,BB,scattered clouds,2022-07-31 02:34:28
138,Barrow,71.2906,-156.7887,35.62,87,100,8.05,US,overcast clouds,2022-07-31 02:33:00
139,Ushtobe,45.2514,77.9838,80.28,30,18,14.47,KZ,few clouds,2022-07-31 02:35:29
140,Ocampo,21.65,-101.5,56.89,68,71,14.9,MX,broken clouds,2022-07-31 02:35:29
141,Avarua,-21.2078,-159.775,78.85,69,75,20.71,CK,broken clouds,2022-07-31 02:34:34
142,Marihatag,8.7936,126.2969,82.6,72,100,6.64,PH,overcast clouds,2022-07-31 02:35:30
143,Norman Wells,65.282,-126.8329,66.24,48,40,9.22,CA,scattered clouds,2022-07-31 02:35:30
144,Braniewo,54.3797,19.8196,59.32,75,100,10.51,PL,light rain,2022-07-31 02:33:10
145,Lompoc,34.6391,-120.4579,80.74,87,0,14.97,US,clear sky,2022-07-31 02:34:24
146,Quelimane,-17.8786,36.8883,62.55,94,0,0.0,MZ,fog,2022-07-31 02:35:31
147,Vallenar,-28.5708,-70.7581,55.22,79,0,2.1,CL,clear sky,2022-07-31 02:35:32
148,Biscarrosse,44.3945,-1.1672,62.55,100,0,5.75,FR,clear sky,2022-07-31 02:35:32
149,Hamilton,39.1834,-84.5333,72.88,73,0,0.0,US,clear sky,2022-07-31 02:33:54
150,Mutenice,48.9041,17.0292,65.14,88,95,14.76,CZ,light rain,2022-07-31 02:35:33
151,Nanfeng,23.7434,111.7959,95.34,45,11,0.45,CN,few clouds,2022-07-31 02:35:34
152,Kislovodsk,43.9133,42.7208,56.84,73,0,5.7,RU,clear sky,2022-07-31 02:35:34
153,Klaksvik,62.2266,-6.589,52.72,79,5,16.67,FO,clear sky,2022-07-31 02:28:09
154,Tiksi,71.6872,128.8694,52.34,71,100,4.25,RU,overcast clouds,2022-07-31 02:35:35
155,Taoudenni,22.6783,-3.9836,92.28,35,85,15.75,ML,overcast clouds,2022-07-31 02:35:35
156,Guira De Melena,22.7906,-82.5053,77.61,86,83,11.56,CU,broken clouds,2022-07-31 02:35:36
157,Fort Nelson,58.8053,-122.7002,69.39,60,75,2.3,CA,broken clouds,2022-07-31 02:30:52
158,Mount Gambier,-37.8333,140.7667,49.91,87,100,17.27,AU,light rain,2022-07-31 02:35:36
159,Saskylakh,71.9167,114.0833,52.66,94,100,9.69,RU,light rain,2022-07-31 02:35:37
160,Shihezi,44.3,86.0333,83.64,35,28,1.39,CN,scattered clouds,2022-07-31 02:35:37
161,Severo-Kurilsk,50.6789,156.125,56.84,82,23,8.3,RU,few clouds,2022-07-31 02:30:45
162,Matay,28.419,30.7792,77.68,40,3,7.31,EG,clear sky,2022-07-31 02:35:38
163,El Carrizo,24.0261,-106.8814,80.47,76,17,1.52,MX,few clouds,2022-07-31 02:35:39
164,Rassvet,46.8333,40.75,69.67,75,18,3.8,RU,few clouds,2022-07-31 02:35:39
165,Pacifica,37.6138,-122.4869,67.42,92,75,18.41,US,mist,2022-07-31 02:34:07
166,Naze,28.3667,129.4833,85.12,85,90,27.92,JP,light rain,2022-07-31 02:28:15
167,Tokur,53.1333,132.9,76.17,57,16,0.56,RU,light rain,2022-07-31 02:35:40
168,Andreyevka,55.9803,37.135,55.09,76,0,2.24,RU,clear sky,2022-07-31 02:35:40
169,Qaanaaq,77.484,-69.3632,41.23,67,19,2.33,GL,few clouds,2022-07-31 02:35:41
170,Pergamino,-33.89,-60.5736,52.92,68,89,1.99,AR,overcast clouds,2022-07-31 02:35:41
171,Aklavik,68.2191,-135.0107,53.1,63,100,10.42,CA,overcast clouds,2022-07-31 02:28:17
172,Nizhniy Tsasuchey,50.5167,115.1333,77.11,42,4,6.62,RU,clear sky,2022-07-31 02:35:42
173,Beyneu,45.3167,55.2,83.57,36,28,5.61,KZ,scattered clouds,2022-07-31 02:35:43
174,Petropavlovsk-Kamchatskiy,53.0452,158.6483,55.99,100,75,8.95,RU,light rain,2022-07-31 02:35:43
175,Contai,21.7786,87.7536,88.02,69,100,13.42,IN,overcast clouds,2022-07-31 02:35:43
176,Buchanan,5.8808,-10.0467,74.05,80,13,6.04,LR,few clouds,2022-07-31 02:35:44
177,Celestun,20.8667,-90.4,76.87,86,70,15.17,MX,broken clouds,2022-07-31 02:35:44
178,Tooele,40.5308,-112.2983,90.25,32,0,0.0,US,clear sky,2022-07-31 02:34:33
179,Komsomolskiy,40.4272,71.7189,79.52,41,99,4.61,UZ,overcast clouds,2022-07-31 02:35:45
180,Adrar,20.5022,-10.0711,88.59,40,5,7.58,MR,clear sky,2022-07-31 02:35:46
181,Umm Kaddadah,13.6017,26.6876,83.05,58,55,11.01,SD,broken clouds,2022-07-31 02:35:46
182,Bredasdorp,-34.5322,20.0403,44.8,85,15,4.41,ZA,few clouds,2022-07-31 02:32:07
183,Yar-Sale,66.8333,70.8333,54.82,58,56,11.81,RU,broken clouds,2022-07-31 02:35:42
184,Lasa,46.6166,10.7002,61.68,82,15,5.99,IT,few clouds,2022-07-31 02:36:47
185,Hailey,43.5196,-114.3153,82.89,32,0,11.5,US,clear sky,2022-07-31 02:36:47
186,Diamantino,-14.4086,-56.4461,68.41,46,5,1.74,BR,clear sky,2022-07-31 02:28:16
187,Constitucion,-35.3333,-72.4167,50.83,90,84,4.25,CL,broken clouds,2022-07-31 02:36:48
188,Mehamn,71.0357,27.8492,51.71,100,100,5.75,NO,light intensity drizzle,2022-07-31 02:36:48
189,Hasaki,35.7333,140.8333,99.28,66,3,6.06,JP,clear sky,2022-07-31 02:36:49
190,Xichang,27.8964,102.2634,71.73,83,90,3.65,CN,overcast clouds,2022-07-31 02:36:50
191,Banjar,-8.19,114.9675,83.34,60,100,2.04,ID,overcast clouds,2022-07-31 02:29:28
192,Kuching,1.55,110.3333,79.02,89,20,5.99,MY,few clouds,2022-07-31 02:36:50
193,Vila Velha,-20.3297,-40.2925,69.75,64,100,8.05,BR,overcast clouds,2022-07-31 02:29:33
194,Natal,-5.795,-35.2094,79.02,89,75,11.5,BR,broken clouds,2022-07-31 02:36:27
195,Nouadhibou,20.931,-17.0347,71.58,88,71,8.05,MR,broken clouds,2022-07-31 02:36:51
196,Impfondo,1.6381,18.0667,69.17,77,66,2.57,CG,broken clouds,2022-07-31 02:36:52
197,Bintulu,3.1667,113.0333,82.81,78,40,5.01,MY,scattered clouds,2022-07-31 02:36:52
198,Benguela,-12.5763,13.4055,65.91,86,51,1.7,AO,broken clouds,2022-07-31 02:35:52
199,Karratha,-20.7377,116.8463,79.83,33,5,11.23,AU,clear sky,2022-07-31 02:36:53
200,Amapa,1.0,-52.0,71.42,99,79,2.44,BR,broken clouds,2022-07-31 02:36:53
201,Karasjok,69.4719,25.5112,48.0,80,100,5.57,NO,overcast clouds,2022-07-31 02:29:30
202,Mahur,25.1667,93.1167,72.93,95,98,3.58,IN,overcast clouds,2022-07-31 02:36:54
203,Dori,14.0354,-0.0345,84.22,54,67,8.28,BF,light rain,2022-07-31 02:36:54
204,Atasu,48.6814,71.6433,68.47,60,92,6.15,KZ,overcast clouds,2022-07-31 02:36:55
205,Bluff,-46.6,168.3333,46.8,77,49,16.26,NZ,scattered clouds,2022-07-31 02:36:47
206,Port Elizabeth,-33.918,25.5701,52.09,77,0,12.66,ZA,clear sky,2022-07-31 02:36:55
207,Beringovskiy,63.05,179.3167,51.55,69,100,5.5,RU,overcast clouds,2022-07-31 02:36:56
208,Caiaponia,-16.9567,-51.8103,66.07,45,60,2.33,BR,broken clouds,2022-07-31 02:36:56
209,Kachug,53.9606,105.8817,62.85,93,100,9.17,RU,light rain,2022-07-31 02:36:57
210,Chokurdakh,70.6333,147.9167,68.72,42,1,6.85,RU,clear sky,2022-07-31 02:29:26
211,Jasper,37.2001,-94.3502,75.25,90,40,3.44,US,scattered clouds,2022-07-31 02:36:57
212,Inta,66.0317,60.1659,63.1,56,49,14.38,RU,scattered clouds,2022-07-31 02:36:58
213,Arlit,18.7369,7.3853,92.07,12,20,7.0,NE,few clouds,2022-07-31 02:36:58
214,Tessalit,20.1986,1.0114,84.79,45,77,10.56,ML,broken clouds,2022-07-31 02:36:59
215,Hit,33.6416,42.8251,92.14,12,47,4.07,IQ,scattered clouds,2022-07-31 02:36:59
216,Okha,53.5739,142.9478,61.25,64,98,10.74,RU,overcast clouds,2022-07-31 02:37:00
217,Russell,32.3502,-85.1999,83.8,94,0,0.0,US,clear sky,2022-07-31 02:32:50
218,Castro,-24.7911,-50.0119,45.37,78,7,3.42,BR,clear sky,2022-07-31 02:37:00
219,Poum,-20.2333,164.0167,72.37,73,40,21.52,NC,scattered clouds,2022-07-31 02:37:01
220,Palmer,42.1584,-72.3287,70.97,80,0,0.0,US,clear sky,2022-07-31 02:37:01
221,Portland,45.5234,-122.6762,99.18,34,20,12.66,US,few clouds,2022-07-31 02:37:02
222,Hun,29.1268,15.9477,77.99,57,2,2.17,LY,clear sky,2022-07-31 02:37:02
223,Belaya Gora,68.5333,146.4167,71.51,48,37,5.75,RU,scattered clouds,2022-07-31 02:37:03
224,Pevek,69.7008,170.3133,50.11,58,17,8.79,RU,few clouds,2022-07-31 02:33:11
225,Chuy,-33.6971,-53.4616,47.62,82,17,4.03,UY,few clouds,2022-07-31 02:37:04
226,Chifeng,42.2683,118.9636,85.23,48,23,7.09,CN,few clouds,2022-07-31 02:37:04
227,Maningrida,-12.0667,134.2667,85.23,49,40,11.59,AU,scattered clouds,2022-07-31 02:37:05
228,Upernavik,72.7868,-56.1549,46.15,75,100,6.15,GL,overcast clouds,2022-07-31 02:35:33
229,Mahebourg,-20.4081,57.7,70.25,73,40,17.27,MU,scattered clouds,2022-07-31 02:35:33
230,Puerto Ayora,-0.7393,-90.3518,71.55,86,48,1.99,EC,scattered clouds,2022-07-31 02:38:06
231,Newport,51.5877,-2.9984,66.31,91,100,16.73,GB,overcast clouds,2022-07-31 02:38:06
232,Ulladulla,-35.35,150.4667,61.3,49,100,7.16,AU,overcast clouds,2022-07-31 02:35:18
233,Walvis Bay,-22.9575,14.5053,53.1,93,1,4.61,NA,clear sky,2022-07-31 02:38:07
234,Weiser,44.251,-116.9693,100.6,27,33,1.01,US,scattered clouds,2022-07-31 02:38:07
235,Barcelona,41.3888,2.159,79.32,79,0,4.61,ES,clear sky,2022-07-31 02:35:10
236,Cabo San Lucas,22.8909,-109.9124,87.62,62,40,9.22,MX,scattered clouds,2022-07-31 02:37:26
237,Maloy,61.9353,5.1136,55.13,89,100,13.85,NO,light rain,2022-07-31 02:38:08
238,Erzin,36.9559,36.2,73.13,77,1,1.74,TR,clear sky,2022-07-31 02:30:51
239,Namtsy,62.7161,129.6658,86.04,37,17,7.2,RU,few clouds,2022-07-31 02:38:09
240,Norden,53.6,7.2,62.94,82,80,8.01,DE,broken clouds,2022-07-31 02:38:09
241,Aguadilla,18.4275,-67.1541,82.65,88,16,5.01,PR,few clouds,2022-07-31 02:38:10
242,Victoria,22.2855,114.1577,92.03,77,17,4.0,HK,few clouds,2022-07-31 02:37:48
243,North Bend,43.4065,-124.2243,65.16,94,0,8.05,US,clear sky,2022-07-31 02:38:10
244,Ancud,-41.8697,-73.8203,42.22,87,100,3.33,CL,overcast clouds,2022-07-31 02:34:18
245,Sao Joao Da Barra,-21.6403,-41.0511,63.28,73,0,7.16,BR,clear sky,2022-07-31 02:38:11
246,Sao Filipe,14.8961,-24.4956,77.38,79,100,7.07,CV,overcast clouds,2022-07-31 02:38:11
247,Berlevag,70.8578,29.0864,51.75,93,100,12.66,NO,mist,2022-07-31 02:38:12
248,Kwekwe,-18.9281,29.8149,47.41,36,0,2.26,ZW,clear sky,2022-07-31 02:38:12
249,Port Macquarie,-31.4333,152.9167,64.89,57,100,13.0,AU,overcast clouds,2022-07-31 02:38:13
250,Usinsk,65.9939,57.5281,59.76,72,54,6.55,RU,broken clouds,2022-07-31 02:38:13
251,Ostrovnoy,68.0531,39.5131,58.53,89,65,5.75,RU,broken clouds,2022-07-31 02:38:14
252,Rocha,-34.4833,-54.3333,47.28,83,100,4.61,UY,overcast clouds,2022-07-31 02:36:26
253,Kirillov,59.863,38.3813,53.55,94,21,3.96,RU,few clouds,2022-07-31 02:38:15
254,Gizo,-8.103,156.8419,84.07,71,14,8.12,SB,few clouds,2022-07-31 02:38:15
255,Qandala,11.472,49.8728,88.34,52,12,7.11,SO,few clouds,2022-07-31 02:38:16
256,Lavrentiya,65.5833,-171.0,47.48,74,94,5.48,RU,overcast clouds,2022-07-31 02:34:15
257,Yerbogachen,61.2767,108.0108,74.03,57,45,2.59,RU,scattered clouds,2022-07-31 02:38:17
258,Nizhnevartovsk,60.9344,76.5531,66.22,88,0,13.42,RU,clear sky,2022-07-31 02:38:17
259,Kattivakkam,13.2167,80.3167,86.09,83,59,10.58,IN,broken clouds,2022-07-31 02:35:28
260,Iquique,-20.2208,-70.1431,59.04,77,32,2.95,CL,scattered clouds,2022-07-31 02:38:18
261,Luderitz,-26.6481,15.1594,51.82,67,0,17.27,NA,clear sky,2022-07-31 02:35:41
262,Vila Franca Do Campo,37.7167,-25.4333,70.21,84,24,5.28,PT,few clouds,2022-07-31 02:38:19
263,Mumford,5.2618,-0.759,73.27,88,100,10.29,GH,overcast clouds,2022-07-31 02:38:19
264,High Level,58.5169,-117.136,62.71,82,75,5.75,CA,broken clouds,2022-07-31 02:35:05
265,Anito,12.4497,125.2886,86.9,65,99,7.9,PH,moderate rain,2022-07-31 02:38:20
266,Acapulco,16.8634,-99.8901,82.22,74,75,2.3,MX,broken clouds,2022-07-31 02:38:20
267,San Policarpo,12.1791,125.5072,84.02,75,100,10.76,PH,moderate rain,2022-07-31 02:38:21
268,New Richmond,45.123,-92.5366,78.71,65,0,8.05,US,clear sky,2022-07-31 02:35:46
269,Alta Floresta,-9.8756,-56.0861,70.54,41,0,2.91,BR,clear sky,2022-07-31 02:38:22
270,Tabou,4.423,-7.3528,74.89,81,100,5.97,CI,overcast clouds,2022-07-31 02:39:22
271,Katsuura,35.1333,140.3,86.92,69,3,15.26,JP,clear sky,2022-07-31 02:39:23
272,Beaumont,30.0861,-94.1019,85.98,80,0,8.05,US,clear sky,2022-07-31 02:34:38
273,Marandahalli,12.4,78.0,81.07,65,39,1.97,IN,scattered clouds,2022-07-31 02:39:23
274,Bokoro,12.3807,17.0568,75.67,73,48,6.98,TD,scattered clouds,2022-07-31 02:39:24
275,Tsalka,41.5946,44.0891,58.5,89,30,2.21,GE,light rain,2022-07-31 02:39:24
276,Gidam,18.9833,81.4,82.31,77,99,1.43,IN,overcast clouds,2022-07-31 02:39:25
277,Auki,-8.7676,160.7034,87.3,55,38,3.78,SB,scattered clouds,2022-07-31 02:39:25
278,Lahat,-3.8,103.5333,80.1,72,100,1.28,ID,overcast clouds,2022-07-31 02:39:26
279,Rio Gallegos,-51.6226,-69.2181,41.05,52,0,19.57,AR,clear sky,2022-07-31 02:39:26
280,Saint Anthony,45.0205,-93.218,79.93,63,0,8.05,US,clear sky,2022-07-31 02:37:55
281,Pringsewu,-5.3582,104.9744,81.59,73,73,1.77,ID,broken clouds,2022-07-31 02:39:27
282,Rajanpur,29.1035,70.325,87.67,67,100,15.03,PK,overcast clouds,2022-07-31 02:39:27
283,Kidal,18.4411,1.4078,85.75,41,56,8.14,ML,broken clouds,2022-07-31 02:39:28
284,Esperance,-33.8667,121.9,55.89,62,37,16.98,AU,scattered clouds,2022-07-31 02:39:28
285,Sungaipenuh,-2.0833,101.3833,77.68,55,90,2.01,ID,overcast clouds,2022-07-31 02:39:29
286,Calvinia,-31.4707,19.776,36.5,84,0,2.95,ZA,clear sky,2022-07-31 02:39:29
287,Bud,39.447,-86.1758,73.92,78,100,3.53,US,overcast clouds,2022-07-31 02:39:29
288,Faanui,-16.4833,-151.75,79.32,70,3,22.93,PF,light rain,2022-07-31 02:39:12
289,Port-Gentil,-0.7193,8.7815,73.85,84,25,9.08,GA,scattered clouds,2022-07-31 02:39:30
290,Namibe,-15.1961,12.1522,59.31,89,7,6.24,AO,clear sky,2022-07-31 02:39:31
291,Cidreira,-30.1811,-50.2056,53.85,82,1,6.69,BR,clear sky,2022-07-31 02:30:54
292,Khorixas,-20.3667,14.9667,48.74,47,0,2.06,NA,clear sky,2022-07-31 02:39:31
293,Yaan,7.3833,8.5667,70.39,96,100,6.31,NG,overcast clouds,2022-07-31 02:39:32
294,Buhe,30.2876,112.2298,87.06,63,0,1.48,CN,clear sky,2022-07-31 02:39:32
295,Oswego,43.4501,-76.1497,66.15,94,0,1.01,US,clear sky,2022-07-31 02:39:33
296,Muli,2.9167,73.5667,77.92,88,100,16.42,MV,moderate rain,2022-07-31 02:39:33
297,Faya,18.3851,42.4509,66.31,63,63,3.65,SA,broken clouds,2022-07-31 02:39:34
298,Amargosa,-13.0303,-39.6047,66.88,96,69,3.94,BR,broken clouds,2022-07-31 02:39:34
299,Pisco,-13.7,-76.2167,60.85,82,0,10.36,PE,clear sky,2022-07-31 02:39:35
300,Manado,1.487,124.8455,88.57,66,20,2.3,ID,few clouds,2022-07-31 02:39:35
301,Dunedin,-45.8742,170.5036,47.8,69,99,8.01,NZ,overcast clouds,2022-07-31 02:39:36
302,Suvorov,54.1223,36.4966,51.12,77,43,1.25,RU,scattered clouds,2022-07-31 02:39:36
303,Nhulunbuy,-12.2333,136.7667,81.21,69,40,14.97,AU,scattered clouds,2022-07-31 02:39:37
304,Mount Isa,-20.7333,139.5,76.77,25,94,5.75,AU,overcast clouds,2022-07-31 02:36:50
305,Narsaq,60.9167,-46.05,48.42,92,39,1.54,GL,scattered clouds,2022-07-31 02:39:37
306,Manta,-0.95,-80.7333,73.18,83,20,11.5,EC,few clouds,2022-07-31 02:39:38
307,Camacha,33.0833,-16.3333,67.42,73,40,11.5,PT,scattered clouds,2022-07-31 02:39:38
308,La Ciotat,43.1748,5.6045,78.82,48,3,7.4,FR,clear sky,2022-07-31 02:39:39
309,Gigante,2.3868,-75.5453,68.59,82,81,3.85,CO,broken clouds,2022-07-31 02:39:39
310,Phatthalung,7.5,100.0833,87.15,62,99,3.11,TH,overcast clouds,2022-07-31 02:39:40
311,Port Hedland,-20.3167,118.5667,80.65,28,20,17.27,AU,few clouds,2022-07-31 02:39:40
312,Nioro,13.35,-15.75,74.73,94,100,7.45,GM,light rain,2022-07-31 02:39:40
313,Baraki Barak,33.9675,68.9486,74.75,29,5,2.75,AF,clear sky,2022-07-31 02:39:41
314,Muborak,39.2553,65.1528,86.83,23,0,16.24,UZ,clear sky,2022-07-31 02:39:41
315,Yiyang,28.5892,112.3283,89.82,57,11,3.69,CN,few clouds,2022-07-31 02:39:42
316,Fredericksburg,38.3032,-77.4605,74.73,80,0,0.0,US,clear sky,2022-07-31 02:35:52
317,Matara,5.9485,80.5353,80.89,80,86,8.34,LK,overcast clouds,2022-07-31 02:40:42
318,Huambo,-12.7761,15.7392,52.48,69,0,1.5,AO,clear sky,2022-07-31 02:40:43
319,Loiza,18.4313,-65.8802,84.2,89,40,11.5,PR,scattered clouds,2022-07-31 02:40:43
320,Changde,29.0464,111.6783,89.92,65,5,2.8,CN,clear sky,2022-07-31 02:40:44
321,Wanlaweyn,2.6185,44.8938,72.01,84,82,10.96,SO,broken clouds,2022-07-31 02:40:44
322,Bengkulu,-3.8004,102.2655,80.29,77,98,1.66,ID,overcast clouds,2022-07-31 02:37:56
323,Baiyin,36.5583,104.2081,79.3,46,98,3.89,CN,overcast clouds,2022-07-31 02:39:10
324,Sao Joao De Pirabas,-0.7747,-47.1772,76.77,89,88,5.77,BR,overcast clouds,2022-07-31 02:40:45
325,Emerald,-23.5333,148.1667,68.34,49,100,19.57,AU,overcast clouds,2022-07-31 02:40:46
326,Santa Maria,-29.6842,-53.8069,45.7,100,0,3.44,BR,clear sky,2022-07-31 02:38:00
327,Sobolevo,54.4299,31.8996,52.9,84,48,4.63,RU,scattered clouds,2022-07-31 02:40:46
328,Chamrajnagar,11.9167,76.95,76.23,74,35,2.53,IN,scattered clouds,2022-07-31 02:40:47
329,Bethel,41.3712,-73.414,74.64,73,0,5.75,US,clear sky,2022-07-31 02:40:47
330,Pacific Grove,36.6177,-121.9166,68.81,86,75,5.75,US,broken clouds,2022-07-31 02:37:00
331,Coruripe,-10.1256,-36.1756,73.78,88,29,9.33,BR,scattered clouds,2022-07-31 02:40:48
332,Labuhan,-6.8844,112.2051,83.7,61,93,5.17,ID,overcast clouds,2022-07-31 02:40:48
333,Surt,31.2089,16.5887,79.56,73,0,4.88,LY,clear sky,2022-07-31 02:40:49
334,Quatre Cocos,-20.2078,57.7625,70.09,68,93,12.53,MU,overcast clouds,2022-07-31 02:40:49
335,Macusani,-14.0833,-70.4333,38.89,49,1,0.72,PE,clear sky,2022-07-31 02:40:50
336,Zalantun,48.0,122.7167,76.71,78,100,7.49,CN,overcast clouds,2022-07-31 02:40:50
337,Sistranda,63.7256,8.834,55.36,85,100,12.3,NO,overcast clouds,2022-07-31 02:40:51
338,Severodvinsk,64.5635,39.8302,59.11,90,11,8.03,RU,few clouds,2022-07-31 02:40:51
339,Atambua,-9.1061,124.8925,82.63,56,27,2.48,ID,scattered clouds,2022-07-31 02:40:51
340,Yinchuan,38.4681,106.2731,85.84,44,75,2.35,CN,broken clouds,2022-07-31 02:36:02
341,Ternovka,51.678,41.6375,63.36,69,28,6.26,RU,scattered clouds,2022-07-31 02:40:52
342,Cherskiy,68.75,161.3,68.07,36,27,14.63,RU,scattered clouds,2022-07-31 02:40:52
343,Marystown,47.1666,-55.1483,62.85,100,100,12.39,CA,overcast clouds,2022-07-31 02:40:53
344,Clarence Town,-32.5833,151.7833,64.85,53,100,1.5,AU,light rain,2022-07-31 02:40:54
345,Loandjili,-4.7561,11.8578,69.91,94,20,5.75,CG,few clouds,2022-07-31 02:40:54
346,Ranau,5.9538,116.6641,80.67,77,85,1.3,MY,overcast clouds,2022-07-31 02:40:55
347,Pakokku,21.3333,95.1,91.76,54,100,9.08,MM,heavy intensity rain,2022-07-31 02:40:55
348,Ponta Delgada,37.7333,-25.6667,70.52,83,40,5.75,PT,scattered clouds,2022-07-31 02:40:55
349,Nara,34.6851,135.8049,98.96,31,67,3.36,JP,broken clouds,2022-07-31 02:37:38
350,San Quintin,30.4833,-115.95,69.33,81,12,7.49,MX,few clouds,2022-07-31 02:38:04
351,Muros,42.7762,-9.0603,69.1,70,0,13.31,ES,clear sky,2022-07-31 02:39:13
352,Talnakh,69.4865,88.3972,47.21,82,100,16.55,RU,overcast clouds,2022-07-31 02:39:08
353,Houma,29.5958,-90.7195,80.01,90,40,4.61,US,scattered clouds,2022-07-31 02:40:55
354,Cap-Chat,49.1001,-66.6821,61.92,81,91,10.47,CA,overcast clouds,2022-07-31 02:40:57
355,Bitung,1.4451,125.1824,88.65,72,74,8.1,ID,moderate rain,2022-07-31 02:40:57
356,Gezing,47.9178,13.1299,60.35,88,40,5.75,AT,scattered clouds,2022-07-31 02:40:58
357,Bull Savanna,17.8868,-77.5902,77.27,84,4,4.99,JM,clear sky,2022-07-31 02:40:58
358,Bilma,18.6853,12.9164,86.86,34,46,7.2,NE,scattered clouds,2022-07-31 02:40:59
359,Canyon,34.9803,-101.9188,85.05,58,96,18.95,US,overcast clouds,2022-07-31 02:38:08
360,Koungheul,13.9833,-14.8,75.25,93,100,9.28,SN,moderate rain,2022-07-31 02:40:59
361,Tiruvallur,13.15,79.9167,85.64,63,41,8.25,IN,scattered clouds,2022-07-31 02:39:35
362,Los Llanos De Aridane,28.6585,-17.9182,69.55,87,100,17.27,ES,overcast clouds,2022-07-31 02:42:00
363,Chardara,41.2547,67.9692,80.74,35,0,7.4,KZ,clear sky,2022-07-31 02:42:01
364,Opuwo,-18.0607,13.84,52.16,47,26,4.74,NA,scattered clouds,2022-07-31 02:42:01
365,Bajil,15.0584,43.2851,88.5,60,100,0.56,YE,overcast clouds,2022-07-31 02:42:02
366,Sitka,57.0531,-135.33,60.69,88,100,0.0,US,light intensity drizzle,2022-07-31 02:41:32
367,Ihtiman,42.4333,23.8167,61.41,98,3,4.23,BG,clear sky,2022-07-31 02:42:02
368,Hurghada,27.2574,33.8129,86.04,37,0,9.22,EG,clear sky,2022-07-31 02:41:31
369,Otofuke,42.9917,143.2003,85.15,70,100,15.17,JP,overcast clouds,2022-07-31 02:42:03
370,Bahia De Caraquez,-0.6,-80.4167,73.58,88,97,8.84,EC,overcast clouds,2022-07-31 02:42:03
371,Salima,-13.7804,34.4587,61.48,55,0,3.24,MW,clear sky,2022-07-31 02:42:04
372,Ferrandina,40.5012,16.4547,71.04,75,0,4.72,IT,clear sky,2022-07-31 02:42:04
373,Mogwase,-25.185,27.2665,53.62,38,12,2.98,ZA,few clouds,2022-07-31 02:42:05
374,Kuressaare,58.2481,22.5039,52.95,93,100,2.3,EE,fog,2022-07-31 02:42:05
375,Kiruna,67.8557,20.2251,40.12,93,84,4.61,SE,broken clouds,2022-07-31 02:42:06
376,Padang,-0.9492,100.3543,84.25,66,25,3.29,ID,scattered clouds,2022-07-31 02:42:06
377,Presidencia Roque Saenz Pena,-26.7852,-60.4388,51.04,52,3,6.17,AR,clear sky,2022-07-31 02:42:07
378,Puerto Madryn,-42.7692,-65.0385,46.2,54,83,3.51,AR,broken clouds,2022-07-31 02:42:07
379,Port Blair,11.6667,92.75,83.71,78,100,13.98,IN,overcast clouds,2022-07-31 02:42:08
380,Boyolangu,-8.1181,111.8935,81.09,67,96,7.58,ID,overcast clouds,2022-07-31 02:42:08
381,Fairview,40.8126,-73.999,82.24,49,0,8.05,US,clear sky,2022-07-31 02:42:08
382,Nelson Bay,-32.7167,152.15,66.99,54,100,5.01,AU,overcast clouds,2022-07-31 02:42:09
383,Frontignan,43.4485,3.754,76.95,50,0,9.19,FR,clear sky,2022-07-31 02:42:09
384,Alofi,-19.0595,-169.9187,80.49,74,8,12.66,NU,clear sky,2022-07-31 02:42:10
385,Miraflores,19.2167,-98.8083,66.87,85,92,3.27,MX,overcast clouds,2022-07-31 02:42:10
386,Henties Bay,-22.116,14.2845,54.59,83,56,9.06,NA,broken clouds,2022-07-31 02:42:11
387,Calama,-22.4667,-68.9333,46.89,18,0,12.66,CL,clear sky,2022-07-31 02:42:11
388,Caravelas,-17.7125,-39.2481,72.05,92,30,6.96,BR,scattered clouds,2022-07-31 02:38:01
389,Choya,52.0108,86.5467,72.41,67,49,0.85,RU,scattered clouds,2022-07-31 02:42:11
390,Westport,41.1415,-73.3579,76.77,74,0,4.61,US,clear sky,2022-07-31 02:42:12
391,Kawalu,-7.3817,108.2082,80.38,67,57,3.78,ID,broken clouds,2022-07-31 02:42:12
392,Buenos Aires,-34.6132,-58.3772,57.94,80,0,4.61,AR,clear sky,2022-07-31 02:41:09
393,Nsanje,-16.92,35.262,61.75,95,0,1.45,MW,clear sky,2022-07-31 02:42:13
394,Naryan-Mar,67.6713,53.087,58.08,51,85,10.22,RU,overcast clouds,2022-07-31 02:42:13
395,Yulara,-25.2406,130.9889,67.3,37,9,12.77,AU,clear sky,2022-07-31 02:42:14
396,Omboue,-1.5746,9.2618,71.87,89,43,5.21,GA,scattered clouds,2022-07-31 02:42:14
397,Suntar,62.1444,117.6319,78.94,46,93,4.65,RU,overcast clouds,2022-07-31 02:42:15
398,Purpe,64.4803,76.6897,55.4,57,4,19.8,RU,clear sky,2022-07-31 02:42:15
399,Leshukonskoye,64.8989,45.7622,63.52,82,62,2.42,RU,broken clouds,2022-07-31 02:42:16
400,Baruun-Urt,46.6806,113.2792,75.83,49,0,7.81,MN,clear sky,2022-07-31 02:42:16
401,Elko,41.0002,-115.5012,89.62,13,15,11.21,US,few clouds,2022-07-31 02:42:17
402,Matagami,49.7502,-77.6328,64.51,94,100,3.44,CA,overcast clouds,2022-07-31 02:42:17
403,Santa Fe,-31.6333,-60.7,58.01,66,88,3.0,AR,light rain,2022-07-31 02:38:59
404,Kendari,-3.945,122.4989,75.51,95,100,1.05,ID,overcast clouds,2022-07-31 02:42:18
405,Slatina,44.4333,24.3667,64.71,87,93,6.87,RO,overcast clouds,2022-07-31 02:42:18
406,Portobelo,9.55,-79.65,79.74,89,100,12.1,PA,overcast clouds,2022-07-31 02:42:19
407,Abu Samrah,35.3029,37.1841,74.39,54,0,6.22,SY,clear sky,2022-07-31 02:42:19
408,Hofn,64.2539,-15.2082,49.44,60,80,9.89,IS,broken clouds,2022-07-31 02:42:20
409,Kailua,21.4022,-157.7394,87.78,74,40,13.8,US,scattered clouds,2022-07-31 02:43:20
410,Portsmouth,50.799,-1.0913,67.96,93,91,11.01,GB,overcast clouds,2022-07-31 02:43:21
411,Malatya,38.5,38.0,59.05,39,0,3.44,TR,clear sky,2022-07-31 02:43:21
412,Varhaug,58.6147,5.6457,59.85,91,100,12.28,NO,light rain,2022-07-31 02:43:22
413,Tortosa,40.8125,0.5216,77.25,91,6,1.34,ES,clear sky,2022-07-31 02:43:22
414,College,64.8569,-147.8028,77.0,38,100,5.75,US,overcast clouds,2022-07-31 02:40:10
415,Plettenberg Bay,-34.0527,23.3716,50.61,79,75,10.49,ZA,light rain,2022-07-31 02:43:23
416,Wamba,8.9333,8.6,69.15,98,100,0.51,NG,overcast clouds,2022-07-31 02:43:23
417,Sovetskiy,61.3614,63.5842,63.16,76,100,9.46,RU,overcast clouds,2022-07-31 02:43:23
418,Jalu,29.0331,21.5482,80.2,44,0,7.52,LY,clear sky,2022-07-31 02:43:24
419,Bongouanou,6.6486,-4.1992,68.02,94,100,3.04,CI,overcast clouds,2022-07-31 02:43:24
420,Oranjemund,-28.55,16.4333,50.02,77,7,12.97,NA,clear sky,2022-07-31 02:43:25
421,Dalbandin,28.8947,64.4101,86.59,45,96,12.08,PK,overcast clouds,2022-07-31 02:42:44
422,Yumen,40.2833,97.2,87.42,17,90,11.41,CN,overcast clouds,2022-07-31 02:43:26
423,Beira,-19.8436,34.8389,60.89,100,0,5.75,MZ,clear sky,2022-07-31 02:43:26
424,Ladario,-19.0047,-57.6017,64.99,48,0,2.39,BR,clear sky,2022-07-31 02:38:55
425,Sola,-13.8833,167.55,80.19,74,99,9.26,VU,overcast clouds,2022-07-31 02:43:27
426,Mecca,21.4267,39.8261,85.57,29,30,3.56,SA,scattered clouds,2022-07-31 02:42:08
427,Nichinan,31.6,131.3667,83.88,91,71,14.52,JP,broken clouds,2022-07-31 02:43:28
428,Soyo,-6.1349,12.3689,71.4,85,80,7.56,AO,broken clouds,2022-07-31 02:43:28
429,Seoul,37.5683,126.9778,83.59,83,100,1.14,KR,light rain,2022-07-31 02:42:14
430,Belle Fourche,44.6714,-103.8522,87.31,25,5,8.7,US,clear sky,2022-07-31 02:43:29
431,Neyyattinkara,8.4,77.0833,82.26,83,29,7.85,IN,scattered clouds,2022-07-31 02:43:29
432,Waling,27.9833,83.7667,75.11,92,100,0.63,NP,overcast clouds,2022-07-31 02:43:30
433,Weligama,5.9667,80.4167,80.62,80,86,8.03,LK,overcast clouds,2022-07-31 02:43:30
434,Andenes,69.3143,16.1194,53.58,82,18,9.22,NO,few clouds,2022-07-31 02:43:31
435,Vestmannaeyjar,63.4427,-20.2734,49.78,77,11,14.5,IS,few clouds,2022-07-31 02:43:31
436,Methoni,36.8197,21.7049,79.21,73,0,13.0,GR,clear sky,2022-07-31 02:43:32
437,Roald,62.5833,6.1333,62.17,88,100,1.14,NO,overcast clouds,2022-07-31 02:43:32
438,Santa Vitoria Do Palmar,-33.5189,-53.3681,47.93,79,15,4.0,BR,few clouds,2022-07-31 02:43:33
439,Halifax,44.6453,-63.5724,66.09,97,29,3.44,CA,scattered clouds,2022-07-31 02:43:33
440,Tempio Pausania,40.8974,9.1035,68.92,88,0,5.41,IT,clear sky,2022-07-31 02:43:34
441,Price,39.5994,-110.8107,79.86,38,20,10.36,US,few clouds,2022-07-31 02:41:48
442,Solofra,40.8295,14.8419,73.92,87,5,3.27,IT,clear sky,2022-07-31 02:43:34
443,Tilichiki,60.4667,166.1,53.31,78,99,8.52,RU,light rain,2022-07-31 02:43:35
444,Frei Paulo,-10.5494,-37.5344,67.05,97,30,5.68,BR,scattered clouds,2022-07-31 02:43:35
445,Nikolayevka,53.1257,47.2041,62.91,91,100,6.73,RU,light rain,2022-07-31 02:43:36
446,Saint-Michel-Des-Saints,46.6834,-73.9159,61.93,94,32,4.52,CA,scattered clouds,2022-07-31 02:42:21
447,Antofagasta,-23.65,-70.4,54.68,83,24,5.44,CL,few clouds,2022-07-31 02:38:54
448,Swan Hill,-35.3378,143.5544,61.27,41,100,17.72,AU,light rain,2022-07-31 02:43:37
449,Moose Factory,51.2585,-80.6094,55.4,94,100,6.91,CA,mist,2022-07-31 02:43:37
450,Rexburg,43.826,-111.7897,90.91,17,0,4.61,US,clear sky,2022-07-31 02:43:38
451,Eirunepe,-6.6603,-69.8736,77.72,68,81,1.59,BR,broken clouds,2022-07-31 02:43:38
452,Bay Roberts,47.5999,-53.2648,67.33,96,100,4.0,CA,light rain,2022-07-31 02:43:38
453,Kasangulu,-4.5911,15.1708,72.48,81,11,7.31,CD,few clouds,2022-07-31 02:43:39
454,Pskov,57.8136,28.3496,42.71,100,20,2.24,RU,mist,2022-07-31 02:43:39
455,Prince Rupert,54.3161,-130.3201,66.29,88,100,16.11,CA,overcast clouds,2022-07-31 02:44:40
456,Lang Son,21.8333,106.7333,88.66,59,90,4.41,VN,overcast clouds,2022-07-31 02:44:40
457,Mikhaylovsk,45.1283,42.0256,66.42,72,0,6.71,RU,clear sky,2022-07-31 02:44:41
458,Olafsvik,64.8945,-23.7142,48.61,76,3,6.71,IS,clear sky,2022-07-31 02:44:41
459,Mahabad,36.7631,45.7222,75.0,59,26,3.09,IR,scattered clouds,2022-07-31 02:44:42
460,Kaeo,-35.1,173.7833,60.33,64,20,13.22,NZ,few clouds,2022-07-31 02:44:42
461,Zachary,30.6485,-91.1565,77.7,97,0,3.44,US,clear sky,2022-07-31 02:44:33
462,Mwandiga,-4.83,29.6581,72.43,69,81,3.13,TZ,broken clouds,2022-07-31 02:44:43
463,Hay River,60.8156,-115.7999,62.58,67,51,11.5,CA,broken clouds,2022-07-31 02:43:59
464,Snyder,32.7179,-100.9176,93.54,21,0,6.91,US,clear sky,2022-07-31 02:39:45
465,Staritsa,56.5075,34.9354,51.75,78,1,1.97,RU,clear sky,2022-07-31 02:44:44
466,Meiganga,6.5167,14.3,62.19,99,99,3.27,CM,overcast clouds,2022-07-31 02:44:44
467,San Jose,37.3394,-121.895,73.45,72,40,13.8,US,scattered clouds,2022-07-31 02:42:02
468,Vangaindrano,-23.35,47.6,63.37,95,11,4.23,MG,few clouds,2022-07-31 02:44:45
469,Kiama,-34.6833,150.8667,64.26,56,100,5.99,AU,light rain,2022-07-31 02:44:45
470,Saurimo,-9.6608,20.3916,58.75,39,0,3.85,AO,clear sky,2022-07-31 02:44:46
471,Hambantota,6.1241,81.1185,79.14,100,20,5.75,LK,few clouds,2022-07-31 02:44:46
472,Panama City,8.9936,-79.5197,82.35,87,40,4.61,PA,scattered clouds,2022-07-31 02:43:01
473,Guia De Isora,28.2115,-16.7795,70.32,67,0,3.13,ES,clear sky,2022-07-31 02:44:47
474,Rapar,23.5667,70.6333,82.26,71,92,14.54,IN,overcast clouds,2022-07-31 02:44:48
475,Bloemfontein,-29.1211,26.214,29.68,93,69,3.44,ZA,broken clouds,2022-07-31 02:44:48
476,Tateyama,34.9833,139.8667,84.74,75,1,16.08,JP,clear sky,2022-07-31 02:40:24
477,Miguel Alves,-4.1656,-42.8953,72.21,98,87,2.53,BR,overcast clouds,2022-07-31 02:44:49
478,Plymouth,41.8334,-70.8328,73.98,67,0,3.44,US,clear sky,2022-07-31 02:44:49
479,Luganville,-15.5333,167.1667,81.57,71,99,4.5,VU,overcast clouds,2022-07-31 02:44:49
480,Caibarien,22.5206,-79.4669,79.92,83,97,16.24,CU,overcast clouds,2022-07-31 02:44:50
481,Salalah,17.0151,54.0924,75.29,94,75,5.75,OM,broken clouds,2022-07-31 02:44:51
482,Kalmar,56.6616,16.3616,49.96,100,0,1.14,SE,clear sky,2022-07-31 02:44:51
483,Nago,26.5881,127.9761,82.45,92,100,20.36,JP,heavy intensity rain,2022-07-31 02:44:51
484,Mangochi,-14.4782,35.2645,61.74,66,0,4.12,MW,clear sky,2022-07-31 02:44:52
485,Paramonga,-10.6667,-77.8333,62.51,84,10,8.63,PE,clear sky,2022-07-31 02:44:52
486,Santa Cruz De La Palma,28.6835,-17.7642,73.54,78,100,17.27,ES,overcast clouds,2022-07-31 02:44:53
487,Kalabo,-14.97,22.6814,53.2,34,0,6.31,ZM,clear sky,2022-07-31 02:44:53
488,Xining,36.6167,101.7667,66.31,59,100,3.18,CN,overcast clouds,2022-07-31 02:40:25
489,Porto Nacional,-10.7081,-48.4172,73.4,37,0,1.21,BR,clear sky,2022-07-31 02:44:54
490,Mamit,23.9333,92.4833,76.03,89,75,3.44,IN,mist,2022-07-31 02:44:54
491,Tahta,26.7693,31.5021,81.39,22,1,6.55,EG,clear sky,2022-07-31 02:44:55
492,Kenai,60.5544,-151.2583,63.03,84,100,8.05,US,light rain,2022-07-31 02:44:55
493,Polahongon,10.5288,124.9694,85.01,63,100,3.31,PH,overcast clouds,2022-07-31 02:44:56
494,Meulaboh,4.1363,96.1285,83.05,70,77,1.16,ID,broken clouds,2022-07-31 02:44:56
495,Olavarria,-36.8927,-60.3225,53.02,70,100,6.24,AR,overcast clouds,2022-07-31 02:44:50
496,Honningsvag,70.9821,25.9704,51.55,87,100,10.36,NO,overcast clouds,2022-07-31 02:44:57
497,State College,40.7934,-77.86,67.82,81,75,0.0,US,broken clouds,2022-07-31 02:44:57
498,Minab,27.1467,57.0801,86.32,79,100,0.0,IR,mist,2022-07-31 02:44:57
499,Marawi,7.9986,124.2928,76.06,85,100,2.06,PH,moderate rain,2022-07-31 02:44:58
500,Blagoyevo,63.3667,47.9167,65.08,77,57,2.57,RU,broken clouds,2022-07-31 02:44:58
501,Moranbah,-22.0016,148.0466,67.23,55,100,19.15,AU,overcast clouds,2022-07-31 02:44:59
502,Krasnoarmeysk,51.0239,45.6969,65.8,84,100,10.54,RU,overcast clouds,2022-07-31 02:44:59
503,Dubti,11.7361,41.0853,81.63,65,86,10.0,ET,overcast clouds,2022-07-31 02:45:00
504,Luanda,-8.8368,13.2343,68.0,94,20,9.22,AO,few clouds,2022-07-31 02:46:00
505,Bosilegrad,42.5011,22.4724,60.37,85,7,4.81,RS,clear sky,2022-07-31 02:46:01
506,Rio Tuba,8.5061,117.4317,82.44,79,100,5.44,PH,overcast clouds,2022-07-31 02:46:01
507,Amuntai,-2.4177,115.2494,78.22,92,100,0.4,ID,light rain,2022-07-31 02:46:02
508,Nome,64.5011,-165.4064,65.16,44,0,11.5,US,clear sky,2022-07-31 02:46:02
509,Prado,-17.3411,-39.2208,73.0,91,30,2.8,BR,scattered clouds,2022-07-31 02:46:03
510,Pravia,43.4906,-6.1508,64.67,100,0,3.44,ES,clear sky,2022-07-31 02:46:03
511,Sambava,-14.2667,50.1667,67.28,89,42,9.08,MG,light rain,2022-07-31 02:46:04
512,Kurtamysh,54.9103,64.4319,67.46,78,76,9.98,RU,broken clouds,2022-07-31 02:46:04
513,Shimanovsk,52.0,127.7,84.81,46,99,9.48,RU,overcast clouds,2022-07-31 02:46:05
514,Christchurch,-43.5333,172.6333,52.41,51,75,14.97,NZ,broken clouds,2022-07-31 02:41:36
515,Lashio,22.9333,97.75,77.4,79,96,2.77,MM,overcast clouds,2022-07-31 02:46:06
516,Angoche,-16.2325,39.9086,69.66,83,3,2.17,MZ,clear sky,2022-07-31 02:46:06
517,Djambala,-2.5447,14.7533,68.05,74,3,8.72,CG,clear sky,2022-07-31 02:46:06
518,Yasnyy,51.0333,59.8742,67.37,62,81,8.39,RU,broken clouds,2022-07-31 02:46:07
519,Codrington,-38.2667,141.9667,49.73,86,100,19.3,AU,light rain,2022-07-31 02:46:07
520,Bontang,0.1333,117.5,75.94,93,100,8.32,ID,light rain,2022-07-31 02:46:08
521,Phalaborwa,-23.943,31.1411,61.88,41,2,0.81,ZA,clear sky,2022-07-31 02:46:09
522,Baghdad,33.3406,44.4009,84.11,24,0,5.75,IQ,clear sky,2022-07-31 02:44:15
523,Mareeba,-17.0,145.4333,74.44,69,81,7.72,AU,broken clouds,2022-07-31 02:46:09
524,Uyuni,-20.4597,-66.825,42.66,20,0,10.29,BO,clear sky,2022-07-31 02:46:10
525,Sanary-Sur-Mer,43.1178,5.8001,77.88,45,1,5.28,FR,clear sky,2022-07-31 02:46:10
526,Praia Da Vitoria,38.7333,-27.0667,71.85,88,20,4.72,PT,few clouds,2022-07-31 02:46:11
527,Baft,29.234,56.6057,70.32,57,80,2.26,IR,broken clouds,2022-07-31 02:46:11
528,Prainha,-1.8,-53.48,72.0,98,92,1.3,BR,overcast clouds,2022-07-31 02:46:12
529,Tasiilaq,65.6145,-37.6368,42.96,61,31,6.49,GL,scattered clouds,2022-07-31 02:46:12
530,Adre,13.4667,22.2,72.05,83,100,8.32,TD,moderate rain,2022-07-31 02:46:13
531,Bedford,52.1346,-0.4663,66.24,91,100,11.72,GB,overcast clouds,2022-07-31 02:46:13
532,Gimbi,9.1667,35.8333,55.08,99,98,1.83,ET,light rain,2022-07-31 02:46:14
533,Kaliganj,23.4095,89.1402,87.49,71,100,10.76,BD,moderate rain,2022-07-31 02:46:14
534,Pimentel,-6.8367,-79.9342,62.49,83,84,12.62,PE,broken clouds,2022-07-31 02:46:15
535,Liwale,-9.7667,37.9333,60.24,95,0,1.28,TZ,clear sky,2022-07-31 02:46:15
536,Koundara,12.4833,-13.3,71.73,98,94,5.12,GN,overcast clouds,2022-07-31 02:46:16
537,Darhan,49.4867,105.9228,71.42,51,99,3.47,MN,overcast clouds,2022-07-31 02:46:16
538,Diego De Almagro,-26.3667,-70.05,54.84,61,2,1.68,CL,clear sky,2022-07-31 02:46:17
539,Kosh-Agach,50.0,88.6667,62.96,51,38,2.08,RU,scattered clouds,2022-07-31 02:44:01
540,Nizhneangarsk,55.7833,109.55,49.53,99,100,2.17,RU,moderate rain,2022-07-31 02:44:27
541,Olinda,-8.0089,-34.8553,74.93,88,75,3.44,BR,mist,2022-07-31 02:46:18
542,Mahenge,-8.6833,36.7167,61.23,76,91,1.59,TZ,overcast clouds,2022-07-31 02:46:19
543,Znamenskoye,57.1281,73.8282,63.18,87,96,5.08,RU,overcast clouds,2022-07-31 02:46:19
544,Kirakira,-10.4544,161.9205,84.45,69,12,10.11,SB,few clouds,2022-07-31 02:46:19
545,Nayagarh,20.1333,85.1,85.96,66,100,3.51,IN,overcast clouds,2022-07-31 02:46:20
546,Shelbyville,35.4834,-86.4603,75.56,47,0,0.0,US,clear sky,2022-07-31 02:42:35
547,Rorvik,64.8621,11.2373,58.12,82,100,8.25,NO,overcast clouds,2022-07-31 02:46:21
548,Rodrigues Alves,-7.738,-72.6509,72.99,79,11,2.42,BR,few clouds,2022-07-31 02:46:21
549,Imst,47.2684,10.6698,47.98,73,70,3.76,AT,broken clouds,2022-07-31 02:46:22
550,Chara,56.9064,118.2631,69.84,61,100,3.15,RU,light rain,2022-07-31 02:46:22
551,Ixtapa,20.7,-105.2,77.27,89,97,2.48,MX,overcast clouds,2022-07-31 02:47:23
552,Sabang,5.8933,95.3214,82.74,75,100,20.56,ID,overcast clouds,2022-07-31 02:47:23
553,Noumea,-22.2763,166.4572,72.0,99,100,17.45,NC,overcast clouds,2022-07-31 02:47:24
554,Shar,49.5886,81.0453,75.99,42,66,14.88,KZ,broken clouds,2022-07-31 02:47:24
555,Mangrol,21.1167,70.1167,81.77,77,100,13.67,IN,overcast clouds,2022-07-31 02:47:25
556,Key West,24.5557,-81.7826,87.8,66,20,19.57,US,few clouds,2022-07-31 02:45:05
557,Bemidji,47.4736,-94.8803,77.09,69,40,0.0,US,scattered clouds,2022-07-31 02:47:25
558,Hami,42.8,93.45,91.87,19,95,10.71,CN,overcast clouds,2022-07-31 02:47:26
559,Keningau,5.3378,116.1602,87.85,57,83,1.86,MY,light rain,2022-07-31 02:47:26
560,Guerande,47.3291,-2.4283,63.55,89,2,7.72,FR,clear sky,2022-07-31 02:47:27
561,Sur,22.5667,59.5289,84.94,66,77,7.2,OM,broken clouds,2022-07-31 02:47:27
562,Lekoni,-1.5843,14.2591,72.03,69,12,10.47,GA,few clouds,2022-07-31 02:47:28
563,Kovernino,57.1253,43.8142,59.32,74,48,3.38,RU,scattered clouds,2022-07-31 02:47:28
564,Balabac,7.9868,117.0645,82.92,79,99,4.83,PH,overcast clouds,2022-07-31 02:47:29
565,Mozarlandia,-14.7447,-50.5706,72.5,32,0,5.3,BR,clear sky,2022-07-31 02:47:29
566,Mayo,38.8876,-76.5119,80.1,80,0,0.0,US,clear sky,2022-07-31 02:43:11
567,Bozeman,45.6796,-111.0386,89.02,32,0,8.05,US,clear sky,2022-07-31 02:46:00
568,Dali,25.7,100.1833,63.34,97,100,3.69,CN,overcast clouds,2022-07-31 02:47:30
569,Gorontalo,0.5412,123.0595,83.75,80,100,3.71,ID,overcast clouds,2022-07-31 02:47:31
570,Lagoa Da Canoa,-9.8297,-36.7378,67.8,97,82,6.26,BR,broken clouds,2022-07-31 02:47:31
571,Kincardine,56.0667,-3.7167,58.91,90,65,0.22,GB,broken clouds,2022-07-31 02:46:04
572,Thinadhoo,0.5333,72.9333,78.53,85,100,19.89,MV,heavy intensity rain,2022-07-31 02:47:32
573,Shenjiamen,29.9576,122.298,84.61,74,34,7.85,CN,scattered clouds,2022-07-31 02:47:32
574,Nerchinsk,51.9833,116.5833,76.03,52,2,8.59,RU,clear sky,2022-07-31 02:47:33
575,Port Hardy,50.6996,-127.4199,73.58,64,0,11.5,CA,clear sky,2022-07-31 02:47:33
576,Carutapera,-1.195,-46.02,76.64,90,54,6.24,BR,broken clouds,2022-07-31 02:47:34
577,Ekhabi,53.5102,142.9671,61.77,62,98,10.58,RU,overcast clouds,2022-07-31 02:47:34
578,Kulhudhuffushi,6.6221,73.07,80.6,81,100,18.39,MV,very heavy rain,2022-07-31 02:47:34
579,Grootfontein,-19.5667,18.1167,45.97,46,1,3.44,NA,clear sky,2022-07-31 02:47:35
580,Humaita,-7.5061,-63.0208,75.94,49,9,1.97,BR,clear sky,2022-07-31 02:47:35
581,Vao,-22.6667,167.4833,68.2,74,97,24.52,NC,overcast clouds,2022-07-31 02:47:36
582,Acara,-1.9608,-48.1967,72.59,99,95,1.43,BR,light rain,2022-07-31 02:47:36
583,Domoni,-12.2569,44.5319,73.67,82,1,1.41,KM,clear sky,2022-07-31 02:47:37
584,Qasigiannguit,68.8193,-51.1922,46.65,85,100,9.93,GL,overcast clouds,2022-07-31 02:47:37
585,Ust-Barguzin,53.45,108.9833,57.52,92,99,6.93,RU,light rain,2022-07-31 02:47:38
586,Kasamwa,-2.85,32.4333,65.39,65,67,3.33,TZ,broken clouds,2022-07-31 02:47:38
587,Paamiut,61.994,-49.6678,43.36,89,78,12.08,GL,broken clouds,2022-07-31 02:47:39
588,Alekseyevsk,57.8406,108.3492,61.74,94,100,3.96,RU,overcast clouds,2022-07-31 02:47:39
589,Nagram,26.6167,81.1333,82.45,58,95,8.5,IN,overcast clouds,2022-07-31 02:47:40
590,Reynoldsburg,39.9548,-82.8121,71.73,83,0,0.0,US,clear sky,2022-07-31 02:42:55
591,Trairi,-3.2778,-39.2689,76.69,83,97,7.38,BR,overcast clouds,2022-07-31 02:45:20
592,Erbaa,40.6689,36.5675,61.43,81,0,0.89,TR,clear sky,2022-07-31 02:47:41
593,Mayumba,-3.432,10.6554,71.13,91,98,6.04,GA,overcast clouds,2022-07-31 02:47:41
594,Churapcha,62.0025,132.4325,83.19,45,47,8.7,RU,scattered clouds,2022-07-31 02:47:41
595,Little Current,45.9793,-81.9248,64.45,84,2,7.85,CA,clear sky,2022-07-31 02:47:42
596,Berdigestyakh,62.0989,126.6992,82.24,40,41,4.79,RU,scattered clouds,2022-07-31 02:47:43
597,Miesbach,47.789,11.8338,56.5,91,65,4.9,DE,broken clouds,2022-07-31 02:48:43
598,Cotonou,6.3654,2.4183,76.98,88,75,12.66,BJ,broken clouds,2022-07-31 02:48:44
599,Puerto Escondido,15.85,-97.0667,80.46,84,62,5.39,MX,broken clouds,2022-07-31 02:45:06
600,Tartagal,-22.5164,-63.8013,57.24,46,0,3.96,AR,clear sky,2022-07-31 02:48:44
601,Lamar,33.6668,-95.5836,80.51,74,0,14.97,US,clear sky,2022-07-31 02:48:45
602,Sao Felix Do Xingu,-6.6447,-51.995,77.81,50,81,0.92,BR,broken clouds,2022-07-31 02:48:45
603,Kutum,14.2,24.6667,69.71,73,90,2.39,SD,light rain,2022-07-31 02:48:46
604,Beboto,8.2668,16.939,68.47,98,70,3.56,TD,light rain,2022-07-31 02:48:46
605,Torrington,41.8007,-73.1212,70.61,80,0,5.23,US,clear sky,2022-07-31 02:48:47
606,Sri Aman,1.2376,111.4621,77.09,88,20,5.99,MY,light rain,2022-07-31 02:48:47
607,Goderich,43.7501,-81.7165,66.9,73,5,11.72,CA,clear sky,2022-07-31 02:48:12
608,La Libertad,-2.2333,-80.9,68.97,85,96,10.74,EC,overcast clouds,2022-07-31 02:48:48
609,Chapais,49.7834,-74.8492,62.38,77,98,8.23,CA,overcast clouds,2022-07-31 02:46:32
610,Paragominas,-2.9667,-47.4833,72.45,96,100,3.27,BR,overcast clouds,2022-07-31 02:48:48
611,Devonport,-41.1667,146.35,54.09,77,100,15.28,AU,light rain,2022-07-31 02:48:49
612,Bowen,-20.0167,148.2333,70.63,69,88,20.04,AU,overcast clouds,2022-07-31 02:48:49
613,Havelock,34.8791,-76.9013,82.35,94,40,5.75,US,scattered clouds,2022-07-31 02:45:39
614,Tifton,31.4505,-83.5085,80.31,87,0,0.0,US,clear sky,2022-07-31 02:47:21
615,Kharp,66.8014,65.8081,56.73,58,23,7.9,RU,few clouds,2022-07-31 02:48:50
616,Phangnga,8.4509,98.5298,86.04,76,100,7.67,TH,overcast clouds,2022-07-31 02:48:51
617,Khuzhir,53.1939,107.3397,56.43,90,100,10.85,RU,overcast clouds,2022-07-31 02:48:51
618,Warwick,41.7001,-71.4162,74.39,68,1,5.17,US,clear sky,2022-07-31 02:48:52
619,Soc Trang,9.6033,105.98,87.04,68,100,9.04,VN,overcast clouds,2022-07-31 02:45:00
620,Kalmunai,7.4167,81.8167,81.72,73,100,1.9,LK,overcast clouds,2022-07-31 02:43:57
621,Seydisehir,37.4193,31.8453,65.23,42,0,1.59,TR,clear sky,2022-07-31 02:48:53
622,Skeldon,5.8833,-57.1333,74.77,91,93,4.29,GY,overcast clouds,2022-07-31 02:48:53
623,Margate,51.3813,1.3862,66.87,85,99,3.0,GB,overcast clouds,2022-07-31 02:43:54
624,Rio Grande,-32.035,-52.0986,50.34,73,17,5.28,BR,few clouds,2022-07-31 02:44:43
625,Arvika,59.6553,12.5852,52.41,93,90,3.94,SE,overcast clouds,2022-07-31 02:48:54
626,Kazanskoye,55.6448,69.235,65.21,79,7,10.31,RU,clear sky,2022-07-31 02:48:54
627,Taua,-5.9667,-40.3,71.85,84,10,10.89,BR,clear sky,2022-07-31 02:48:55
628,Hereford,52.0568,-2.7148,66.0,91,100,1.01,GB,overcast clouds,2022-07-31 02:48:55
629,Mlowo,-9.0,32.9833,60.42,67,100,2.62,TZ,overcast clouds,2022-07-31 02:48:56
630,Teya,60.3778,92.6267,78.3,59,48,4.7,RU,scattered clouds,2022-07-31 02:48:56
631,Katherine,-14.4667,132.2667,88.12,20,73,9.22,AU,broken clouds,2022-07-31 02:48:57
632,Northam,51.0333,-4.2167,65.39,98,100,17.85,GB,overcast clouds,2022-07-31 02:48:57
633,Nishihara,26.1842,127.7558,85.28,89,75,10.36,JP,shower rain,2022-07-31 02:48:58
634,Coquimbo,-29.9533,-71.3436,55.13,94,100,4.61,CL,overcast clouds,2022-07-31 02:48:58
635,San Rafael,-34.6177,-68.3301,52.92,39,99,3.8,AR,overcast clouds,2022-07-31 02:48:58
636,Sredniy Ikorets,51.0675,39.7584,64.24,64,88,5.68,RU,overcast clouds,2022-07-31 02:48:59
637,Salamiyah,35.0113,37.0532,71.96,68,0,6.4,SY,clear sky,2022-07-31 02:48:59
638,Kennett,36.2362,-90.0556,73.4,99,100,1.01,US,overcast clouds,2022-07-31 02:49:00
639,Synya,65.3718,58.0387,64.62,65,60,2.59,RU,broken clouds,2022-07-31 02:49:00
640,Orvieto,42.7195,12.1116,70.74,72,0,5.28,IT,clear sky,2022-07-31 02:49:01
641,Cairns,-16.9167,145.7667,80.06,68,100,13.8,AU,overcast clouds,2022-07-31 02:48:34
642,Carmen,18.6333,-91.8333,79.05,83,56,11.88,MX,broken clouds,2022-07-31 02:49:01
643,Kuytun,54.3419,101.5036,60.15,94,100,11.12,RU,overcast clouds,2022-07-31 02:50:02
644,Nyurba,63.2842,118.3319,78.15,50,12,3.76,RU,few clouds,2022-07-31 02:50:02
645,Kimbe,-5.5502,150.1429,91.72,48,83,4.41,PG,broken clouds,2022-07-31 02:50:03
646,Egvekinot,66.3167,-179.1667,52.18,50,100,3.31,RU,overcast clouds,2022-07-31 02:50:04
647,Marzuq,14.4,46.4667,73.04,68,98,7.56,YE,light rain,2022-07-31 02:50:04
648,La Ronge,55.1001,-105.2842,64.65,59,100,3.44,CA,overcast clouds,2022-07-31 02:50:05
649,Mayor Pablo Lagerenza,-19.9309,-60.7718,61.79,45,0,5.46,PY,clear sky,2022-07-31 02:50:05
650,Grenfell,-33.9,148.1667,49.26,83,100,15.08,AU,overcast clouds,2022-07-31 02:50:06
651,Dryden,49.7833,-92.7503,75.49,60,20,6.91,CA,few clouds,2022-07-31 02:46:04
652,Hanmer Springs,-42.5167,172.8167,38.41,99,89,2.42,NZ,overcast clouds,2022-07-31 02:50:06
653,Labuan,5.2767,115.2417,84.56,79,20,3.44,MY,few clouds,2022-07-31 02:50:07
654,Lorengau,-2.0226,147.2712,85.03,65,83,10.85,PG,broken clouds,2022-07-31 02:50:08
655,Zabaykalsk,49.6333,117.3167,75.38,58,34,2.42,RU,scattered clouds,2022-07-31 02:50:08
656,Kijabe,-0.933,36.5758,55.42,93,92,1.66,KE,overcast clouds,2022-07-31 02:50:09
657,Tibu,8.639,-72.7358,72.99,99,79,1.48,CO,broken clouds,2022-07-31 02:50:09
658,Boffa,10.1667,-14.0333,74.5,87,96,3.36,GN,overcast clouds,2022-07-31 02:50:09
659,Nizwa,22.9333,57.5333,82.36,68,87,1.54,OM,overcast clouds,2022-07-31 02:50:10
660,Murwara,23.85,80.4,82.96,73,81,9.82,IN,broken clouds,2022-07-31 02:50:10
661,Virginia Beach,36.8529,-75.978,79.02,78,40,0.0,US,scattered clouds,2022-07-31 02:49:27
662,Billings,45.7833,-108.5007,91.17,26,20,16.11,US,smoke,2022-07-31 02:48:48
663,Iqaluit,63.7506,-68.5145,44.33,100,100,5.75,CA,mist,2022-07-31 02:50:11
664,Bambanglipuro,-7.95,110.2833,81.37,70,89,7.54,ID,overcast clouds,2022-07-31 02:50:12
665,Borovoy,55.4333,86.0833,72.68,78,40,4.47,RU,scattered clouds,2022-07-31 02:50:12
666,Vanavara,60.34,102.2797,70.0,71,43,5.12,RU,light rain,2022-07-31 02:50:13
667,Aksha,50.2814,113.2867,74.26,49,10,4.25,RU,clear sky,2022-07-31 02:50:13
668,Najran,17.4924,44.1277,81.25,43,100,5.55,SA,overcast clouds,2022-07-31 02:50:14
669,Contamana,-7.3333,-75.0167,74.46,76,9,1.54,PE,clear sky,2022-07-31 02:50:15
670,Codajas,-3.8367,-62.0569,76.42,79,89,3.0,BR,overcast clouds,2022-07-31 02:50:15
671,Estelle,29.8458,-90.1067,82.4,79,0,5.75,US,clear sky,2022-07-31 02:45:55
672,Mackay,-21.15,149.2,72.68,72,100,15.57,AU,overcast clouds,2022-07-31 02:50:16
673,Burnie,-41.0667,145.9167,49.95,81,100,17.31,AU,light rain,2022-07-31 02:50:16
674,Chernyshevskiy,63.0128,112.4714,71.4,65,41,4.65,RU,moderate rain,2022-07-31 02:50:16
675,Gorodishche,48.8045,44.4744,68.88,83,0,4.47,RU,clear sky,2022-07-31 02:50:17
676,Riohacha,11.5444,-72.9072,80.42,69,1,13.8,CO,clear sky,2022-07-31 02:50:17
677,Iralaya,15.0,-83.2333,80.85,83,100,14.18,HN,overcast clouds,2022-07-31 02:50:18
678,Chemal,51.4111,86.005,75.4,49,85,3.78,RU,overcast clouds,2022-07-31 02:50:18
679,Masumbwe,-3.6333,32.1833,66.72,62,37,2.93,TZ,scattered clouds,2022-07-31 02:50:19
680,Spisska Nova Ves,48.9446,20.5615,63.59,98,98,1.14,SK,overcast clouds,2022-07-31 02:50:19
681,Kashi,39.4547,75.9797,72.61,53,75,6.71,CN,broken clouds,2022-07-31 02:50:20
682,Genhe,50.7833,121.5167,70.84,83,100,1.97,CN,overcast clouds,2022-07-31 02:50:20
683,Chongwe,-15.3292,28.682,52.11,54,0,2.75,ZM,clear sky,2022-07-31 02:50:20
684,Bonavista,48.6499,-53.1147,61.79,86,100,14.65,CA,overcast clouds,2022-07-31 02:50:21
685,Hailar,49.2,119.7,78.53,58,79,9.82,CN,broken clouds,2022-07-31 02:50:21
686,Bom Jesus Do Galho,-19.8289,-42.3161,61.39,85,17,2.95,BR,few clouds,2022-07-31 02:50:22
687,Jagdalpur,19.0667,82.0333,80.73,73,95,4.16,IN,overcast clouds,2022-07-31 02:50:22
688,Gat,31.61,34.7642,76.41,100,35,0.31,IL,scattered clouds,2022-07-31 02:50:23
689,Nuuk,64.1835,-51.7216,45.88,75,67,11.99,GL,broken clouds,2022-07-31 02:51:24
690,Lazaro Cardenas,17.9583,-102.2,80.26,78,100,1.23,MX,overcast clouds,2022-07-31 02:51:24
691,Hermiston,45.8404,-119.2895,108.25,23,0,4.61,US,clear sky,2022-07-31 02:46:31
692,Bang Saphan,11.2126,99.5117,85.68,70,100,7.38,TH,overcast clouds,2022-07-31 02:51:25
693,Kosovska Mitrovica,42.8833,20.8667,64.6,95,4,5.01,XK,clear sky,2022-07-31 02:51:26
694,Ossora,59.2353,163.0719,56.8,80,96,13.62,RU,light rain,2022-07-31 02:51:26
695,Havre-Saint-Pierre,50.2334,-63.5986,57.56,94,100,14.97,CA,overcast clouds,2022-07-31 02:51:27
696,Asyut,27.181,31.1837,77.18,25,0,5.7,EG,clear sky,2022-07-31 02:51:27
